product_id,product_name,price
cc0b3b32-33b0-407e-8d1d-2857588e4697,Flour - Semolina,1.86
895355de-a035-4a63-9ed9-514af6b25137,Chinese Foods - Pepper Beef,6.56
a445e380-3b27-49e9-b2bd-b01612ecf2a7,Savory,2.24
5c8526ac-4355-4eb0-ae09-63f0fd14f0aa,Nantucket - 518ml,8.2
b60ad96a-75c6-4b13-a5fa-5f1ad99bec13,"Melon - Watermelon, Seedless",1.19
41c9ab9d-cb5b-4137-b948-6fd17fee75d7,Whmis - Spray Bottle Trigger,7.27
5d6084b8-ba20-46b3-bddc-84a410099a64,Mackerel Whole Fresh,6.04
53442b2e-efeb-4602-954f-d1c7496ddf58,Lobster - Canned Premium,7.9
aefa3d44-c4b5-4fa9-96f9-127b6ca58582,Beef - Tenderloin Tails,1.72
4c61819d-1cb5-40ad-a5b3-7b87853bf6aa,"Soup - Knorr, Classic Can. Chili",9.37
356fa934-bc7c-4f15-975b-87c650739249,Hot Chocolate - Individual,0.43
dca7407e-4512-4464-ad53-6e0cd97d4245,Sauce - Thousand Island,3.96
ea48a9df-1cd8-4122-a95c-8b1bf2abcf2e,Wine - Alsace Riesling Reserve,4.37
c3103c06-a680-4a75-818e-d8dee261472f,Chicken - Whole,7.4
ad364ccf-4c1c-470f-811c-e552ead9ecf3,Container - Clear 16 Oz,7.12
b4561d9b-d341-45a5-b5eb-b9ed68755685,Pernod,1.74
a4f3846d-cd2f-4664-b500-26df73e01261,Butcher Twine 4r,0.67
c8c8d516-9bf3-471b-ad8f-863796930710,Trueblue - Blueberry Cranberry,1.36
7e3ef741-cc55-4992-b12a-edd73dcb4f3a,Spaghetti Squash,1.57
83252764-88db-401c-b36a-70aacbcb6cab,"Lamb - Leg, Diced",1.97
24004dbe-5f33-4d67-9fba-c50404ff308f,Ice Cream Bar - Hageen Daz To,8.11
a374d7f8-f1de-4a5c-b6ce-b99ef6a7e9f1,Tea - Camomele,7.28
b67e022c-4d3c-4ba4-bf8d-adf72859f3f4,Tomatoes Tear Drop,9.18
84c342fb-fe3a-42e0-9c51-8d56471adee5,Melon - Watermelon Yellow,3.07
5120ced7-23a4-451a-ab21-7b9e56803c09,Coriander - Seed,4.19
1adb6310-1d66-41a0-8c02-72673d0e6c66,"Capon - Breast, Double, Wing On",6.51
ef0aaa16-71ed-4918-8069-bd2b9221ed1c,Chocolate - Feathers,5.58
75fe2b88-2349-4a66-8177-0587470033f8,"Lid - High Heat, Super Clear",6.84
3a25ccef-ced9-485d-bb8f-f0324c84871c,"Lamb - Leg, Diced",4.03
f77bbd8d-49b7-4a5d-99a1-011bb9f5c2cd,Pork - Side Ribs,0.94
f646c4ef-1b4a-4489-ad5f-d7fa8f969045,Foil - 4oz Custard Cup,4.87
e6fb832b-0f94-41b0-9da9-ab15f26c2c7c,Black Currants,5.07
b8599618-cc47-44a2-bea3-9c265ba4256b,Puree - Guava,1.1
6aae64f1-fb42-48f7-9555-a0b1e9452f18,Table Cloth 91x91 Colour,1.74
cd2184e7-fa8d-40c7-8256-51e3397eed52,Salmon Steak - Cohoe 8 Oz,3.28
a69ce85e-3bd6-4034-b47f-4a26266aece9,Oil - Sesame,0.13
2da2572a-bc0f-49f0-beec-11008e0dac05,Lamb - Shanks,3.17
49e78712-541f-4f14-9616-1de85e1c547a,Wine - Chablis J Moreau Et Fils,1.28
26e86482-0047-488e-9c8b-a4885aaf6b07,Sugar - Invert,8.51
126dcdcd-3a85-42a9-9ea6-a4f2f2dd8d2d,Puree - Mango,4.09
0b1a4cbd-7885-44c8-8bc9-48bced736156,Veal - Inside,4.35
8ab1e373-ab46-4939-9807-2838df1c3c6e,Yogurt - French Vanilla,2.27
24d8e750-03d0-4e07-9c73-9fba41f20d6c,Pernod,0.12
e81ecaff-8a12-4eb5-8ff4-d422d69c7a1d,Sprouts - China Rose,3.79
e085ce2a-d679-4958-a655-6ec4419105dc,Turkey - Oven Roast Breast,0.58
559d98be-10da-4e42-afe6-62226afa71f5,"Soup - Knorr, French Onion",6.87
fd193b71-893e-42aa-a7dc-1f06896d28d4,Sauce - Marinara,1.39
4fe01383-8977-456e-8763-ffee20c9ac30,Wine - Placido Pinot Grigo,3.06
e3168e48-3a8a-409f-97e9-2c5666b70285,Longos - Chicken Cordon Bleu,8.04
31b97785-fbb9-4c94-80f0-1d05b0135d1e,Chips - Doritos,3.17
335c6b5d-0d72-4dcf-b76a-79a61df3ab04,Cranberries - Dry,6.67
bde2f5a4-99b6-4376-931e-827685d10673,Cake - French Pear Tart,5.55
e74b7f70-be6e-480a-b59d-5da7ecf3b561,Gatorade - Orange,6.12
3b03bc4f-0190-4795-8536-6a85391a64b1,Eggwhite Frozen,0.13
a085a823-63a8-4351-a9d8-3b43f95b16ff,Ginger - Ground,7.4
bfc09f8c-3bf7-4fd1-b96d-8af4595d2750,Syrup - Monin - Passion Fruit,7.91
959fd9af-864e-49e4-aead-5b03e07890ce,Pepper - Scotch Bonnet,4.73
7521cca3-78fd-4288-985f-d26f6a2a58b3,Crawfish,0.88
457aa3e2-d5ee-495b-a525-a53007f93c01,Watercress,8.26
dc3a1cf3-9ea8-485f-8feb-b9a94de99b78,Apples - Spartan,8.53
9a34ffc9-110a-466f-93fe-391c58db377e,"Cheese - Romano, Grated",1.8
ddc99363-5b73-4e79-b77d-c0cfb1a6a541,Brandy Apricot,4.47
4d30b92c-d944-4345-baac-525929fd3b64,Wine - Port Late Bottled Vintage,6.04
f703aa12-9750-442a-9a7e-5788ed3f0dd8,"Lamb - Loin, Trimmed, Boneless",2.46
b4c532d7-7e2b-4cd1-84d5-ba162f49f06c,Tomatoes - Grape,2.93
e5143473-bf49-4b7b-96a2-92a68e3aa773,V8 Splash Strawberry Kiwi,2.82
de939939-45c8-49eb-a995-542814e0bac2,Scallops - In Shell,8.72
3b7383d5-7526-4f70-b70f-87ceb9c16be1,"Shrimp - 16/20, Iqf, Shell On",3.81
d0e73858-6dc8-46a9-a130-dc1f3fb95f12,Potatoes - Yukon Gold 5 Oz,2.71
e8cf914e-3e6d-46b2-8198-31ebf33c15c5,Bagel - Everything,1.18
02f40da0-1b54-420b-999a-72632f0e93b8,Cheese - Comtomme,7.79
cacae1bb-9609-4386-a81d-b8ba79049f79,Ice Cream - Fudge Bars,0.53
630cf8aa-ec06-4d79-8d73-df15a9318d7f,Banana,1.07
2b123e76-e05b-42be-abfb-4ebf50f4ad87,"Nut - Hazelnut, Ground, Natural",8.06
021af736-fd9e-46b1-993f-1a9248692ede,"Pork - Loin, Center Cut",1.62
58eadced-aabb-43d8-bcd6-0a76f72f9a3f,The Pop Shoppe - Grape,1.28
000f5bfc-7eff-4612-9168-fc74abd63296,"Pork - Bacon, Sliced",7.41
1cd12973-80eb-4075-9468-2be6ebf63b61,Beer - True North Strong Ale,4.24
a9b43166-2dcf-46b8-b2e2-0e7044be6260,Oyster - In Shell,1.6
1756cd39-ac38-4e69-a2ef-82c749660dab,Orange Roughy 6/8 Oz,5.05
c93d19a0-6731-4ab4-aabd-f3b5a1e45ca6,Bread - English Muffin,9.02
5b9e0e92-952c-4179-b8e6-2957dd1522ee,Alize Sunset,5.63
74d5b300-7538-450a-9d0a-b738c4a26977,Bread Roll Foccacia,2.37
d96a0d05-cb2a-4643-909b-ae331247e1d8,"Leeks - Baby, White",7.16
1cd3855a-649a-4c4e-abc2-a54d332b1809,Ocean Spray - Kiwi Strawberry,1.27
a6f436e5-2af9-4e96-b786-1e4c496c8dc4,Appetizer - Assorted Box,0.78
f0f63124-c045-4769-986c-6753948d5361,Dip - Tapenade,5.11
c3e94f64-8293-4fbb-afd0-181d1bc54414,"Lemonade - Strawberry, 591 Ml",9.02
0ad272b4-fee3-4f0a-9ae2-79413fa5410f,Butcher Twine 4r,2.3
ffcb3662-7e59-4e05-ba1f-50451cbbaef9,Mcgillicuddy Vanilla Schnap,0.47
366197eb-63ec-4f82-82bf-0426b178e4a9,Cheese - Parmesan Cubes,9.49
f3f3cc2d-d3c4-4271-b060-fcb783a2bae4,Blouse / Shirt / Sweater,0.86
5b44cc95-38a8-426a-ab5a-b84a38ba81ec,Cookie Dough - Double,4.81
c2352574-f8d1-4e58-99ce-e9640f9a191c,Garam Masala Powder,2.74
b039c9b2-760e-4a59-b112-3c600189779b,Spice - Greek 1 Step,4.83
e0dc1b8a-d418-4f0e-a145-30c03e65f26e,Pastry - Mini French Pastries,8.73
963cde83-970c-40d2-96e9-c11fe61c6b29,Oil - Sesame,7.94
8c188e29-f7e1-4308-a8d2-82637e9fefc4,Pork - Smoked Back Bacon,3.04
ec2ac5af-3cb4-4e13-bae7-5ccd65a52cfe,"Wine - Red, Antinori Santa",1.95
802653d8-2496-4bca-b6da-24beaf3c72af,Goldschalger,5.42